DispuestoPagar;;;
Entre 10-40;;;
Entre 10-40;;;
Entre 10-40;;;
Entre 10-40;;;
;;;
Entre 10-40;;;
;;;
Entre 45-70;;;
;;;
Entre 10-40;;;
Entre 10-40;;;
;;;
Entre 10-40;;;
;;;
Entre 10-40;;;
;;;
Entre 10-40;;;
Entre 10-40;;;
Entre 45-70;;;
;;;
Entre 75-100;;;
Entre 75-100;;;
Entre 10-40;;;
;;;
Entre 10-40;;;
;;;
Entre 10-40;;;
Entre 45-70;;;
;;;
Entre 45-70;;;
Entre 10-40;;;
Entre 10-40;;;
;;;
;;;
;;;
Entre 45-70;;;
Entre 10-40;;;
Entre 10-40;;;
Entre 10-40;;;
;;;
Entre 10-40;;;
Entre 10-40;;;
;;;
Entre 75-100;;;
;;;
;;;
;;;
Entre 45-70;;;
;;;
Entre 75-100;;;
Entre 10-40;;;
Entre 10-40;;;
;;;
;;;
Entre 45-70;;;
;;;
;;;
;;;
;;;
Entre 75-100;;;
Entre 10-40;;;
Entre 10-40;;;
Entre 10-40;;;
;;;
Entre 45-70;;;
;;;
;;;
Entre 10-40;;;
Entre 10-40;;;
